name,phone,password,email
Deanna Ross,778-230-5730,tree123,deanna.ross@example.com
Robert Mann,778-159-1152,sun789,robert.mann@example.com
Joshua Meyer,778-500-6113,cat456,joshua.meyer@example.com
Rachel Sanchez,236-057-9517,dog111,rachel.sanchez@example.com
Curtis Lopez,778-269-3083,apple789,curtis.lopez@example.com
Jonathan Phillips,236-169-6400,sun456,jonathan.phillips@example.com
Madeline Pace,604-235-0916,tree789,madeline.pace@example.com
Jennifer Moore,604-702-3735,cat123,jennifer.moore@example.com
Robert Scott,236-018-9928,dog789,robert.scott@example.com
Katherine Adkins,778-907-7263,apple123,katherine.adkins@example.com
Shawn Pham,778-827-9743,sun123,shawn.pham@example.com
Nichole Morris,778-976-7735,dog456,nichole.morris@example.com
Charles Walls,236-503-1402,tree456,charles.walls@example.com
Matthew Cohen,236-012-2271,cat789,matthew.cohen@example.com
Kyle Green,236-594-5021,apple456,kyle.green@example.com
Shirley Richard,778-040-4455,sun111,shirley.richard@example.com
Teresa Gill,604-278-5329,dog123,teresa.gill@example.com
Brittany Delacruz,604-696-7141,tree111,brittany.delacruz@example.com
Jason Allen,778-886-2135,apple111,jason.allen@example.com
Amanda Bradley,778-310-5546,cat111,amanda.bradley@example.com